1Baltimore Orioles- 2000- Harold Baines DH - https://www.baseball-reference.com/players/gl.fcgi?id=baineha01&t=f&year=2000
2Baltimore Orioles- 2000- Carlos Casimiro DH - https://www.baseball-reference.com/players/gl.fcgi?id=casimca01&t=f&year=2000
3Boston Red Sox- 2000- Gary Gaetti DH - https://www.baseball-reference.com/players/gl.fcgi?id=gaettga01&t=f&year=2000
4Chicago Cubs- 2000- Cole Liniak   - https://www.baseball-reference.com/players/gl.fcgi?id=liniaco01&t=f&year=2000
5Chicago White Sox- 2000- Harold Baines DH - https://www.baseball-reference.com/players/gl.fcgi?id=baineha01&t=f&year=2000
6Florida Marlins- 2000- Mendy Lopez   - https://www.baseball-reference.com/players/gl.fcgi?id=lopezme01&t=f&year=2000
7Houston Astros- 2000- Eddie Zosky   - https://www.baseball-reference.com/players/gl.fcgi?id=zoskyed01&t=f&year=2000
8Oakland Athletics- 2000- John Jaha DH - https://www.baseball-reference.com/players/gl.fcgi?id=jahajo01&t=f&year=2000
9San Diego Padres- 2000- Xavier Nady   - https://www.baseball-reference.com/players/gl.fcgi?id=nadyxa01&t=f&year=2000
10Tampa Bay Devil Rays- 2000- Kenny Kelly DH - https://www.baseball-reference.com/players/gl.fcgi?id=kellyke01&t=f&year=2000
11Texas Rangers- 2000- Ruben Sierra DH - https://www.baseball-reference.com/players/gl.fcgi?id=sierrru01&t=f&year=2000
12Anaheim Angels- 2001- Glenallen Hill DH - https://www.baseball-reference.com/players/gl.fcgi?id=hillgl01&t=f&year=2001
13Arizona Diamondbacks- 2001- Lyle Overbay   - https://www.baseball-reference.com/players/gl.fcgi?id=overbly01&t=f&year=2001
14Chicago White Sox- 2001- Harold Baines DH - https://www.baseball-reference.com/players/gl.fcgi?id=baineha01&t=f&year=2001
15Cleveland Indians- 2001- Dave Hollins DH - https://www.baseball-reference.com/players/gl.fcgi?id=hollida01&t=f&year=2001
16Colorado Rockies- 2001- Kevin Sefcik   - https://www.baseball-reference.com/players/gl.fcgi?id=sefcike01&t=f&year=2001
17Detroit Tigers- 2001- Dean Palmer DH - https://www.baseball-reference.com/players/gl.fcgi?id=palmede01&t=f&year=2001
18Detroit Tigers- 2001- Jermaine Clark DH - https://www.baseball-reference.com/players/gl.fcgi?id=clarkje02&t=f&year=2001
19Houston Astros- 2001- Bill Spiers   - https://www.baseball-reference.com/players/gl.fcgi?id=spierbi01&t=f&year=2001
20Houston Astros- 2001- Keith Ginter   - https://www.baseball-reference.com/players/gl.fcgi?id=ginteke01&t=f&year=2001
21Montreal Expos- 2001- Tomas de la Rosa   - https://www.baseball-reference.com/players/gl.fcgi?id=delarto01&t=f&year=2001
22New York Yankees- 2001- Henry Rodriguez DH - https://www.baseball-reference.com/players/gl.fcgi?id=rodrihe02&t=f&year=2001
23New York Yankees- 2001- Scott Seabol DH - https://www.baseball-reference.com/players/gl.fcgi?id=seabosc01&t=f&year=2001
24Oakland Athletics- 2001- John Jaha DH - https://www.baseball-reference.com/players/gl.fcgi?id=jahajo01&t=f&year=2001
25Philadelphia Phillies- 2001- Turner Ward   - https://www.baseball-reference.com/players/gl.fcgi?id=wardtu01&t=f&year=2001
26Philadelphia Phillies- 2001- Matt Walbeck   - https://www.baseball-reference.com/players/gl.fcgi?id=walbema01&t=f&year=2001
27St. Louis Cardinals- 2001- Bill Ortega   - https://www.baseball-reference.com/players/gl.fcgi?id=ortegbi01&t=f&year=2001
28Arizona Diamondbacks- 2002- Lyle Overbay   - https://www.baseball-reference.com/players/gl.fcgi?id=overbly01&t=f&year=2002
29Detroit Tigers- 2002- Dean Palmer DH - https://www.baseball-reference.com/players/gl.fcgi?id=palmede01&t=f&year=2002
30New York Yankees- 2002- Drew Henson DH - https://www.baseball-reference.com/players/gl.fcgi?id=hensodr01&t=f&year=2002
31Pittsburgh Pirates- 2002- Mendy Lopez   - https://www.baseball-reference.com/players/gl.fcgi?id=lopezme01&t=f&year=2002
32Seattle Mariners- 2002- Edgar Martinez DH - https://www.baseball-reference.com/players/gl.fcgi?id=martied01&t=f&year=2002
33Seattle Mariners- 2002- Ron Wright DH - https://www.baseball-reference.com/players/gl.fcgi?id=wrighro02&t=f&year=2002
34Colorado Rockies- 2003- Luke Allen   - https://www.baseball-reference.com/players/gl.fcgi?id=allenlu01&t=f&year=2003
35Detroit Tigers- 2003- Ernie Young DH - https://www.baseball-reference.com/players/gl.fcgi?id=younger02&t=f&year=2003
36Houston Astros- 2003- Mitch Meluskey   - https://www.baseball-reference.com/players/gl.fcgi?id=melusmi01&t=f&year=2003
37Los Angeles Dodgers- 2003- Koyie Hill   - https://www.baseball-reference.com/players/gl.fcgi?id=hillko01&t=f&year=2003
38Los Angeles Dodgers- 2003- Chin-Feng Chen   - https://www.baseball-reference.com/players/gl.fcgi?id=chench01&t=f&year=2003
39Philadelphia Phillies- 2003- Anderson Machado   - https://www.baseball-reference.com/players/gl.fcgi?id=machaan01&t=f&year=2003
40Pittsburgh Pirates- 2003- J.R. House   - https://www.baseball-reference.com/players/gl.fcgi?id=housejr01&t=f&year=2003
41Seattle Mariners- 2003- Edgar Martinez DH - https://www.baseball-reference.com/players/gl.fcgi?id=martied01&t=f&year=2003
42Tampa Bay Devil Rays- 2003- Jonny Gomes DH - https://www.baseball-reference.com/players/gl.fcgi?id=gomesjo01&t=f&year=2003
43Baltimore Orioles- 2004- Jack Cust   - https://www.baseball-reference.com/players/gl.fcgi?id=custja01&t=f&year=2004
44Boston Red Sox- 2004- Ellis Burks DH - https://www.baseball-reference.com/players/gl.fcgi?id=burksel01&t=f&year=2004
45Cleveland Indians- 2004- Ernie Young DH - https://www.baseball-reference.com/players/gl.fcgi?id=younger02&t=f&year=2004
46Milwaukee Brewers- 2004- Corey Hart   - https://www.baseball-reference.com/players/gl.fcgi?id=hartco01&t=f&year=2004
47Seattle Mariners- 2004- Edgar Martinez DH - https://www.baseball-reference.com/players/gl.fcgi?id=martied01&t=f&year=2004
48San Francisco Giants- 2004- Tony Torcato   - https://www.baseball-reference.com/players/gl.fcgi?id=torcato01&t=f&year=2004
49Tampa Bay Devil Rays- 2004- Jonny Gomes DH - https://www.baseball-reference.com/players/gl.fcgi?id=gomesjo01&t=f&year=2004
50Chicago Cubs- 2005- Mike Fontenot   - https://www.baseball-reference.com/players/gl.fcgi?id=fontemi01&t=f&year=2005
51Chicago Cubs- 2005- Geovany Soto   - https://www.baseball-reference.com/players/gl.fcgi?id=sotoge01&t=f&year=2005
52Chicago Cubs- 2005- Adam Greenberg   - https://www.baseball-reference.com/players/gl.fcgi?id=greenad01&t=f&year=2005
53Chicago White Sox- 2005- Frank Thomas DH - https://www.baseball-reference.com/players/gl.fcgi?id=thomafr04&t=f&year=2005
54Cleveland Indians- 2005- Ryan Garko DH - https://www.baseball-reference.com/players/gl.fcgi?id=garkory01&t=f&year=2005
55Cleveland Indians- 2005- Juan Gonzalez   - https://www.baseball-reference.com/players/gl.fcgi?id=gonzaju03&t=f&year=2005
56Colorado Rockies- 2005- Tim Olson DH - https://www.baseball-reference.com/players/gl.fcgi?id=olsonti01&t=f&year=2005
57Kansas City Royals- 2005- Calvin Pickering DH - https://www.baseball-reference.com/players/gl.fcgi?id=pickeca01&t=f&year=2005
58Milwaukee Brewers- 2005- Julio Mosquera   - https://www.baseball-reference.com/players/gl.fcgi?id=mosquju01&t=f&year=2005
59San Francisco Giants- 2005- Doug Clark   - https://www.baseball-reference.com/players/gl.fcgi?id=clarkdo01&t=f&year=2005
60Toronto Blue Jays- 2005- John-Ford Griffin DH - https://www.baseball-reference.com/players/gl.fcgi?id=griffjo01&t=f&year=2005
61Washington Nationals- 2005- Tyrell Godwin   - https://www.baseball-reference.com/players/gl.fcgi?id=godwity01&t=f&year=2005
62Cincinnati Reds- 2006- Andy Abad   - https://www.baseball-reference.com/players/gl.fcgi?id=abadan01&t=f&year=2006
63Detroit Tigers- 2006- Mike Rabelo DH - https://www.baseball-reference.com/players/gl.fcgi?id=rabelmi01&t=f&year=2006
64Houston Astros- 2006- Hector Gimenez   - https://www.baseball-reference.com/players/gl.fcgi?id=gimenhe01&t=f&year=2006
65Kansas City Royals- 2006- Mike Sweeney DH - https://www.baseball-reference.com/players/gl.fcgi?id=sweenmi01&t=f&year=2006
66Kansas City Royals- 2006- Justin Huber DH - https://www.baseball-reference.com/players/gl.fcgi?id=huberju01&t=f&year=2006
67Minnesota Twins- 2006- Ruben Sierra DH - https://www.baseball-reference.com/players/gl.fcgi?id=sierrru01&t=f&year=2006
68Oakland Athletics- 2006- Frank Thomas DH - https://www.baseball-reference.com/players/gl.fcgi?id=thomafr04&t=f&year=2006
69Philadelphia Phillies- 2006- Randall Simon   - https://www.baseball-reference.com/players/gl.fcgi?id=simonra01&t=f&year=2006
70Pittsburgh Pirates- 2006- Yurendell de Caster DH - https://www.baseball-reference.com/players/gl.fcgi?id=decasyu01&t=f&year=2006
71San Diego Padres- 2006- Ryan Klesko   - https://www.baseball-reference.com/players/gl.fcgi?id=kleskry01&t=f&year=2006
72San Diego Padres- 2006- Jon Knott   - https://www.baseball-reference.com/players/gl.fcgi?id=knottjo02&t=f&year=2006
73San Diego Padres- 2006- Justin Leone   - https://www.baseball-reference.com/players/gl.fcgi?id=leoneju01&t=f&year=2006
74Cincinnati Reds- 2007- Jerry Gil   - https://www.baseball-reference.com/players/gl.fcgi?id=gilje01&t=f&year=2007
75Oakland Athletics- 2007- Mike Piazza DH - https://www.baseball-reference.com/players/gl.fcgi?id=piazzmi01&t=f&year=2007
76Oakland Athletics- 2007- Kevin Melillo   - https://www.baseball-reference.com/players/gl.fcgi?id=melilke01&t=f&year=2007
77Pittsburgh Pirates- 2007- Dave Davidson P - https://www.baseball-reference.com/players/gl.fcgi?id=davidda01&t=f&year=2007
78San Diego Padres- 2007- Brian Myrow   - https://www.baseball-reference.com/players/gl.fcgi?id=myrowbr01&t=f&year=2007
79San Diego Padres- 2007- Colt Morton   - https://www.baseball-reference.com/players/gl.fcgi?id=mortoco01&t=f&year=2007
80San Diego Padres- 2007- Drew Macias   - https://www.baseball-reference.com/players/gl.fcgi?id=maciadr01&t=f&year=2007
81Seattle Mariners- 2007- Jeff Clement DH - https://www.baseball-reference.com/players/gl.fcgi?id=clemeje01&t=f&year=2007
82Toronto Blue Jays- 2007- Frank Thomas DH - https://www.baseball-reference.com/players/gl.fcgi?id=thomafr04&t=f&year=2007
83Atlanta Braves- 2008- Brayan Pena   - https://www.baseball-reference.com/players/gl.fcgi?id=penabr01&t=f&year=2008
84Boston Red Sox- 2008- David Ortiz DH - https://www.baseball-reference.com/players/gl.fcgi?id=ortizda01&t=f&year=2008
85Chicago White Sox- 2008- Jim Thome DH - https://www.baseball-reference.com/players/gl.fcgi?id=thomeji01&t=f&year=2008
86Cleveland Indians- 2008- Travis Hafner DH - https://www.baseball-reference.com/players/gl.fcgi?id=hafnetr01&t=f&year=2008
87Florida Marlins- 2008- Jason Wood   - https://www.baseball-reference.com/players/gl.fcgi?id=woodja02&t=f&year=2008
88Houston Astros- 2008- J.R. House   - https://www.baseball-reference.com/players/gl.fcgi?id=housejr01&t=f&year=2008
89Milwaukee Brewers- 2008- Angel Salome   - https://www.baseball-reference.com/players/gl.fcgi?id=saloman01&t=f&year=2008
90Milwaukee Brewers- 2008- Vinny Rottino   - https://www.baseball-reference.com/players/gl.fcgi?id=rottivi01&t=f&year=2008
91Minnesota Twins- 2008- Randy Ruiz DH - https://www.baseball-reference.com/players/gl.fcgi?id=ruizra01&t=f&year=2008
92New York Mets- 2008- Abraham Nunez   - https://www.baseball-reference.com/players/gl.fcgi?id=nunezab01&t=f&year=2008
93Oakland Athletics- 2008- Frank Thomas DH - https://www.baseball-reference.com/players/gl.fcgi?id=thomafr04&t=f&year=2008
94Philadelphia Phillies- 2008- Andy Tracy   - https://www.baseball-reference.com/players/gl.fcgi?id=tracyan01&t=f&year=2008
95Philadelphia Phillies- 2008- Chris Snelling   - https://www.baseball-reference.com/players/gl.fcgi?id=snellch02&t=f&year=2008
96San Francisco Giants- 2008- Kevin Frandsen   - https://www.baseball-reference.com/players/gl.fcgi?id=frandke01&t=f&year=2008
97San Francisco Giants- 2008- J.T. Snow   - https://www.baseball-reference.com/players/gl.fcgi?id=snowj.01&t=f&year=2008
98Tampa Bay Rays- 2008- Cliff Floyd DH - https://www.baseball-reference.com/players/gl.fcgi?id=floydcl01&t=f&year=2008
99Texas Rangers- 2008- Ryan Roberts DH - https://www.baseball-reference.com/players/gl.fcgi?id=roberry01&t=f&year=2008
100Toronto Blue Jays- 2008- Frank Thomas DH - https://www.baseball-reference.com/players/gl.fcgi?id=thomafr04&t=f&year=2008
101Toronto Blue Jays- 2008- Hector Luna   - https://www.baseball-reference.com/players/gl.fcgi?id=lunahe01&t=f&year=2008
102Chicago White Sox- 2009- Jim Thome DH - https://www.baseball-reference.com/players/gl.fcgi?id=thomeji01&t=f&year=2009
103Cincinnati Reds- 2009- Wilkin Castillo   - https://www.baseball-reference.com/players/gl.fcgi?id=castiwi01&t=f&year=2009
104Cleveland Indians- 2009- Travis Hafner DH - https://www.baseball-reference.com/players/gl.fcgi?id=hafnetr01&t=f&year=2009
105Los Angeles Dodgers- 2009- Jim Thome   - https://www.baseball-reference.com/players/gl.fcgi?id=thomeji01&t=f&year=2009
106Minnesota Twins- 2009- Jason Pridie   - https://www.baseball-reference.com/players/gl.fcgi?id=pridija01&t=f&year=2009
107New York Mets- 2009- Marlon Anderson   - https://www.baseball-reference.com/players/gl.fcgi?id=anderma02&t=f&year=2009
108New York Mets- 2009- Robinson Cancel   - https://www.baseball-reference.com/players/gl.fcgi?id=cancero01&t=f&year=2009
109New York Yankees- 2009- Hideki Matsui DH - https://www.baseball-reference.com/players/gl.fcgi?id=matsuhi01&t=f&year=2009
110Oakland Athletics- 2009- Eric Munson DH - https://www.baseball-reference.com/players/gl.fcgi?id=munsoer01&t=f&year=2009
111San Diego Padres- 2009- Cliff Floyd DH - https://www.baseball-reference.com/players/gl.fcgi?id=floydcl01&t=f&year=2009
112San Diego Padres- 2009- Craig Stansberry   - https://www.baseball-reference.com/players/gl.fcgi?id=stanscr01&t=f&year=2009
113Cleveland Indians- 2010- Travis Hafner DH - https://www.baseball-reference.com/players/gl.fcgi?id=hafnetr01&t=f&year=2010
114Minnesota Twins- 2010- Jim Thome DH - https://www.baseball-reference.com/players/gl.fcgi?id=thomeji01&t=f&year=2010
115Seattle Mariners- 2010- Ken Griffey Jr. DH - https://www.baseball-reference.com/players/gl.fcgi?id=griffke02&t=f&year=2010
116Atlanta Braves- 2011- Antoan Richardson   - https://www.baseball-reference.com/players/gl.fcgi?id=richaan01&t=f&year=2011
117Baltimore Orioles- 2011- Vladimir Guerrero DH - https://www.baseball-reference.com/players/gl.fcgi?id=guerrvl01&t=f&year=2011
118Cleveland Indians- 2011- Travis Hafner DH - https://www.baseball-reference.com/players/gl.fcgi?id=hafnetr01&t=f&year=2011
119Cleveland Indians- 2011- Jim Thome DH - https://www.baseball-reference.com/players/gl.fcgi?id=thomeji01&t=f&year=2011
120Los Angeles Angels of Anaheim- 2011- Chris Pettit   - https://www.baseball-reference.com/players/gl.fcgi?id=pettich01&t=f&year=2011
121Milwaukee Brewers- 2011- Jeremy Reed   - https://www.baseball-reference.com/players/gl.fcgi?id=reedje03&t=f&year=2011
122Milwaukee Brewers- 2011- Eric Farris   - https://www.baseball-reference.com/players/gl.fcgi?id=farrier01&t=f&year=2011
123Minnesota Twins- 2011- Jim Thome DH - https://www.baseball-reference.com/players/gl.fcgi?id=thomeji01&t=f&year=2011
124Seattle Mariners- 2011- Jack Cust DH - https://www.baseball-reference.com/players/gl.fcgi?id=custja01&t=f&year=2011
125San Francisco Giants- 2011- Ryan Rohlinger   - https://www.baseball-reference.com/players/gl.fcgi?id=rohliry01&t=f&year=2011
126Tampa Bay Rays- 2011- Manny Ramirez DH - https://www.baseball-reference.com/players/gl.fcgi?id=ramirma02&t=f&year=2011
127Tampa Bay Rays- 2011- Russ Canzler DH - https://www.baseball-reference.com/players/gl.fcgi?id=canzlru01&t=f&year=2011
128Washington Nationals- 2011- Corey Brown   - https://www.baseball-reference.com/players/gl.fcgi?id=brownco01&t=f&year=2011
129Cleveland Indians- 2012- Travis Hafner DH - https://www.baseball-reference.com/players/gl.fcgi?id=hafnetr01&t=f&year=2012
130Detroit Tigers- 2012- Brad Eldred DH - https://www.baseball-reference.com/players/gl.fcgi?id=eldrebr01&t=f&year=2012
131Kansas City Royals- 2012- Clint Robinson   - https://www.baseball-reference.com/players/gl.fcgi?id=robincl01&t=f&year=2012
132Miami Marlins- 2012- Adam Greenberg   - https://www.baseball-reference.com/players/gl.fcgi?id=greenad01&t=f&year=2012
133New York Mets- 2012- Josh Satin   - https://www.baseball-reference.com/players/gl.fcgi?id=satinjo01&t=f&year=2012
134Seattle Mariners- 2012- Luis Jimenez DH - https://www.baseball-reference.com/players/gl.fcgi?id=jimenlu01&t=f&year=2012
135Atlanta Braves- 2013- Christian Bethancourt   - https://www.baseball-reference.com/players/gl.fcgi?id=bethach01&t=f&year=2013
136Cleveland Indians- 2013- Jason Giambi DH - https://www.baseball-reference.com/players/gl.fcgi?id=giambja01&t=f&year=2013
137Miami Marlins- 2013- Jordan Brown DH - https://www.baseball-reference.com/players/gl.fcgi?id=brownjo05&t=f&year=2013
138New York Yankees- 2013- Travis Hafner DH - https://www.baseball-reference.com/players/gl.fcgi?id=hafnetr01&t=f&year=2013
139Tampa Bay Rays- 2013- Freddy Guzman DH - https://www.baseball-reference.com/players/gl.fcgi?id=guzmafr01&t=f&year=2013
140Baltimore Orioles- 2014- Cord Phelps   - https://www.baseball-reference.com/players/gl.fcgi?id=phelpco01&t=f&year=2014
141Cleveland Indians- 2014- Jason Giambi DH - https://www.baseball-reference.com/players/gl.fcgi?id=giambja01&t=f&year=2014
142Oakland Athletics- 2014- Bryan Anderson   - https://www.baseball-reference.com/players/gl.fcgi?id=anderbr05&t=f&year=2014
143Pittsburgh Pirates- 2014- Matt Hague   - https://www.baseball-reference.com/players/gl.fcgi?id=haguema01&t=f&year=2014
144St. Louis Cardinals- 2014- Audry Perez   - https://www.baseball-reference.com/players/gl.fcgi?id=perezau01&t=f&year=2014
145Tampa Bay Rays- 2014- Jerry Sands DH - https://www.baseball-reference.com/players/gl.fcgi?id=sandsje01&t=f&year=2014
146Tampa Bay Rays- 2014- Vince Belnome DH - https://www.baseball-reference.com/players/gl.fcgi?id=belnovi01&t=f&year=2014
147Cincinnati Reds- 2015- Kyle Waldrop   - https://www.baseball-reference.com/players/gl.fcgi?id=waldrky02&t=f&year=2015
148New York Yankees- 2015- Gary Sanchez   - https://www.baseball-reference.com/players/gl.fcgi?id=sanchga02&t=f&year=2015
149Pittsburgh Pirates- 2015- Steve Lombardozzi   - https://www.baseball-reference.com/players/gl.fcgi?id=lombast02&t=f&year=2015
150Pittsburgh Pirates- 2015- Elias Diaz   - https://www.baseball-reference.com/players/gl.fcgi?id=diazel01&t=f&year=2015
151St. Louis Cardinals- 2015- Dean Anna   - https://www.baseball-reference.com/players/gl.fcgi?id=annade01&t=f&year=2015
152Atlanta Braves- 2016- Matt Tuiasosopo   - https://www.baseball-reference.com/players/gl.fcgi?id=tuiasma01&t=f&year=2016
153Baltimore Orioles- 2016- Trey Mancini DH - https://www.baseball-reference.com/players/gl.fcgi?id=mancitr01&t=f&year=2016
154Chicago White Sox- 2016- Justin Morneau DH - https://www.baseball-reference.com/players/gl.fcgi?id=morneju01&t=f&year=2016
155Chicago White Sox- 2016- Matt Davidson DH - https://www.baseball-reference.com/players/gl.fcgi?id=davidma02&t=f&year=2016
156Milwaukee Brewers- 2016- Josmil Pinto   - https://www.baseball-reference.com/players/gl.fcgi?id=pintojo01&t=f&year=2016
157Oakland Athletics- 2016- Renato Nunez DH - https://www.baseball-reference.com/players/gl.fcgi?id=nunezre01&t=f&year=2016
158Oakland Athletics- 2016- Andrew Lambo   - https://www.baseball-reference.com/players/gl.fcgi?id=lamboan01&t=f&year=2016
159Pittsburgh Pirates- 2016- Max Moroff   - https://www.baseball-reference.com/players/gl.fcgi?id=morofma01&t=f&year=2016
160St. Louis Cardinals- 2016- Michael McKenry   - https://www.baseball-reference.com/players/gl.fcgi?id=mckenmi01&t=f&year=2016
161Washington Nationals- 2016- Spencer Kieboom   - https://www.baseball-reference.com/players/gl.fcgi?id=kiebosp01&t=f&year=2016
162Atlanta Braves- 2017- Tony Sanchez   - https://www.baseball-reference.com/players/gl.fcgi?id=sanchto01&t=f&year=2017
163Detroit Tigers- 2017- Victor Martinez DH - https://www.baseball-reference.com/players/gl.fcgi?id=martivi01&t=f&year=2017
164Pittsburgh Pirates- 2017- John Bormann   - https://www.baseball-reference.com/players/gl.fcgi?id=bormajo01&t=f&year=2017
165St. Louis Cardinals- 2017- Alberto Rosario   - https://www.baseball-reference.com/players/gl.fcgi?id=rosaral01&t=f&year=2017
166Atlanta Braves- 2018- Dustin Peterson   - https://www.baseball-reference.com/players/gl.fcgi?id=peterdu01&t=f&year=2018
167Boston Red Sox- 2018- Tony Renda   - https://www.baseball-reference.com/players/gl.fcgi?id=rendato01&t=f&year=2018
168Miami Marlins- 2018- Javy Guerra P - https://www.baseball-reference.com/players/gl.fcgi?id=guerrja01&t=f&year=2018
169Pittsburgh Pirates- 2018- Ryan Lavarnway   - https://www.baseball-reference.com/players/gl.fcgi?id=lavarry01&t=f&year=2018
170Arizona Diamondbacks- 2019- Yasmany Tomas DH - https://www.baseball-reference.com/players/gl.fcgi?id=tomasya01&t=f&year=2019
171Baltimore Orioles- 2019- Mark Trumbo DH - https://www.baseball-reference.com/players/gl.fcgi?id=trumbma01&t=f&year=2019
172Cleveland Indians- 2019- Hanley Ramirez DH - https://www.baseball-reference.com/players/gl.fcgi?id=ramirha01&t=f&year=2019
173Los Angeles Angels- 2019- Shohei Ohtani DH - https://www.baseball-reference.com/players/gl.fcgi?id=ohtansh01&t=f&year=2019
174Minnesota Twins- 2019- Nelson Cruz DH - https://www.baseball-reference.com/players/gl.fcgi?id=cruzne02&t=f&year=2019
175New York Mets- 2019- Jed Lowrie   - https://www.baseball-reference.com/players/gl.fcgi?id=lowrije01&t=f&year=2019
176Philadelphia Phillies- 2019- Mitch Walding   - https://www.baseball-reference.com/players/gl.fcgi?id=waldimi01&t=f&year=2019
177Philadelphia Phillies- 2019- Dylan Cozens   - https://www.baseball-reference.com/players/gl.fcgi?id=cozendy01&t=f&year=2019
178Philadelphia Phillies- 2019- Rob Brantly   - https://www.baseball-reference.com/players/gl.fcgi?id=brantro01&t=f&year=2019
179St. Louis Cardinals- 2019- Joe Hudson   - https://www.baseball-reference.com/players/gl.fcgi?id=hudsojo03&t=f&year=2019
