Shohei Ohtani- https://www.baseball-reference.com/players/o/ohtansh01.shtml
Mike Lansing- https://www.baseball-reference.com/players/l/lansimi01.shtml
Mike Lansing- https://www.baseball-reference.com/players/l/lansimi01.shtml
Mike Lansing- https://www.baseball-reference.com/players/l/lansimi01.shtml
Caleb Ferguson- https://www.baseball-reference.com/players/f/ferguca01.shtml
Caleb Ferguson- https://www.baseball-reference.com/players/f/ferguca01.shtml
Adolis Garcia- https://www.baseball-reference.com/players/g/garciad02.shtml
Randy Dobnak- https://www.baseball-reference.com/players/d/dobnara01.shtml
Michel Baez- https://www.baseball-reference.com/players/b/baezmi01.shtml
