NAME,NAME_KEY,YEAR,TEAM,BATS,THROWS,HEIGHT,HEIGHT_CM,WEIGHT_LB,WEIGHT_KG,BIRTHDATE,BIRTHPLACE
Shigetoshi Hasegawa,hasegsh01,2000,Anaheim Angels,Right,Right,5-11,180.34,160,72.57472,1968-08-01,jp
Matt Williams,willima04,2000,Arizona Diamondbacks,Right,Right,6-2,187.96,205,92.98635999999999,1965-11-28,us
Erubiel Durazo,durazer01,2000,Arizona Diamondbacks,Left,Left,6-3,190.5,240,108.86208,1974-01-23,mx
Armando Reynoso,reynoar02,2000,Arizona Diamondbacks,Right,Right,6-0,182.88,186,84.368112,1966-05-01,mx
Mike Morgan,morgami01,2000,Arizona Diamondbacks,Right,Right,6-3,190.5,195,88.45044,1959-10-08,us
B.J. Surhoff,surhob.01,2000,Atlanta Braves,Left,Right,6-1,185.42,185,83.91452,1964-08-04,us
B.J. Surhoff,surhob.01,2000,Baltimore Orioles,Left,Right,6-1,185.42,185,83.91452,1964-08-04,us
Tom Glavine,glavito02,2000,Atlanta Braves,Left,Left,6-0,182.88,175,79.3786,1966-03-25,us
Terry Mulholland,mulhote01,2000,Atlanta Braves,Right,Left,6-3,190.5,200,90.7184,1963-03-09,us
Kerry Ligtenberg,ligteke01,2000,Atlanta Braves,Right,Right,6-2,187.96,185,83.91452,1971-05-11,us
Will Clark,clarkwi02,2000,Baltimore Orioles,Left,Left,6-2,187.96,190,86.18248,1964-03-13,us
Will Clark,clarkwi02,2000,St. Louis Cardinals,Left,Left,6-2,187.96,190,86.18248,1964-03-13,us
Harold Baines,baineha01,2000,Baltimore Orioles,Left,Left,6-2,187.96,175,79.3786,1959-03-15,us
Harold Baines,baineha01,2000,Chicago White Sox,Left,Left,6-2,187.96,175,79.3786,1959-03-15,us
Morgan Burkhart,burkhmo01,2000,Boston Red Sox,Both,Left,5-11,180.34,225,102.0582,1972-01-29,us
Tomo Ohka,ohkato01,2000,Boston Red Sox,Both,Right,6-1,185.42,205,92.98635999999999,1976-03-18,jp
Matt Karchner,karchma01,2000,Chicago Cubs,Right,Right,6-4,193.04,245,111.13004,1967-06-28,us
Barry Larkin,larkiba01,2000,Cincinnati Reds,Right,Right,6-0,182.88,185,83.91452,1964-04-28,us
Ken Griffey Jr.,griffke02,2000,Cincinnati Reds,Left,Left,6-3,190.5,195,88.45044,1969-11-21,us
Brian Hunter,huntebr02,2000,Cincinnati Reds,Right,Right,6-4,193.04,180,81.64656,1971-03-05,us
Brian Hunter,huntebr02,2000,Colorado Rockies,Right,Right,6-4,193.04,180,81.64656,1971-03-05,us
David Justice,justida01,2000,Cleveland Indians,Left,Left,6-3,190.5,195,88.45044,1966-04-14,us
David Justice,justida01,2000,New York Yankees,Left,Left,6-3,190.5,195,88.45044,1966-04-14,us
Chuck Finley,finlech01,2000,Cleveland Indians,Left,Left,6-6,198.12,220,99.79024,1962-11-26,us
Dave Burba,burbada01,2000,Cleveland Indians,Right,Right,6-4,193.04,220,99.79024,1966-07-07,us
Ricardo Rincon,rincori01,2000,Cleveland Indians,Left,Left,5-10,177.8,190,86.18248,1970-04-13,mx
Brad Ausmus,ausmubr01,2000,Detroit Tigers,Right,Right,5-11,180.34,190,86.18248,1969-04-14,us
Masao Kida,kidama01,2000,Detroit Tigers,Right,Right,6-3,190.5,210,95.25431999999999,1968-09-12,jp
Kevin Millar,millake01,2000,Florida Marlins,Right,Right,6-1,185.42,195,88.45044,1971-09-24,us
Joe Strong,stronjo01,2000,Florida Marlins,Both,Right,6-0,182.88,200,90.7184,1962-09-09,us
Ray Holbert,holbera01,2000,Kansas City Royals,Right,Right,6-0,182.88,170,77.11064,1970-09-25,us
Mac Suzuki,suzukma01,2000,Kansas City Royals,Right,Right,6-3,190.5,195,88.45044,1975-05-31,jp
Jeff Branson,bransje01,2000,Los Angeles Dodgers,Left,Right,6-0,182.88,180,81.64656,1967-01-26,us
Charlie Hayes,hayesch01,2000,Milwaukee Brewers,Right,Right,6-0,182.88,190,86.18248,1965-05-29,us
Lee Stevens,stevele01,2000,Montreal Expos,Left,Left,6-4,193.04,205,92.98635999999999,1967-07-10,us
Hideki Irabu,irabuhi01,2000,Montreal Expos,Right,Right,6-4,193.04,240,108.86208,1969-05-05,jp
Todd Zeile,zeileto01,2000,New York Mets,Right,Right,6-1,185.42,190,86.18248,1965-09-09,us
Timo Perez,perezti01,2000,New York Mets,Left,Left,5-9,175.26,180,81.64656,1975-04-08,do
Alfonso Soriano,soriaal01,2000,New York Yankees,Right,Right,6-1,185.42,195,88.45044,1976-01-07,do
Kevin Appier,appieke01,2000,Oakland Athletics,Right,Right,6-2,187.96,180,81.64656,1967-12-06,us
Mike Garcia,garcimi03,2000,Pittsburgh Pirates,Right,Right,6-2,187.96,220,99.79024,1968-05-11,us
Al Martin,martial03,2000,San Diego Padres,Left,Left,6-2,187.96,220,99.79024,1967-11-24,us
Al Martin,martial03,2000,Seattle Mariners,Left,Left,6-2,187.96,220,99.79024,1967-11-24,us
Rodrigo Lopez,lopezro02,2000,San Diego Padres,Right,Right,6-1,185.42,185,83.91452,1975-12-14,mx
Vicente Palacios,palacvi01,2000,San Diego Padres,Right,Right,6-3,190.5,165,74.84268,1963-07-19,mx
Joe Oliver,olivejo01,2000,Seattle Mariners,Right,Right,6-3,190.5,215,97.52228000000001,1965-07-24,us
Shawon Dunston,dunstsh01,2000,St. Louis Cardinals,Right,Right,6-1,185.42,175,79.3786,1963-03-21,us
Jesse Orosco,oroscje01,2000,St. Louis Cardinals,Right,Left,6-2,187.96,174,78.92500799999999,1957-04-21,us
Dave Wainhouse,wainhda01,2000,St. Louis Cardinals,Left,Right,6-2,187.96,190,86.18248,1967-11-07,ca
Felix Martinez,martife01,2000,Tampa Bay Devil Rays,Both,Right,6-0,182.88,170,77.11064,1974-05-18,do
Vinny Castilla,castivi02,2000,Tampa Bay Devil Rays,Right,Right,6-1,185.42,175,79.3786,1967-07-04,mx
Jim Morris,morrija03,2000,Tampa Bay Devil Rays,Left,Left,6-3,190.5,215,97.52228000000001,1964-01-19,us
Bill Haselman,haselbi01,2000,Texas Rangers,Right,Right,6-3,190.5,205,92.98635999999999,1966-05-25,us
Jeff Zimmerman,zimmeje02,2000,Texas Rangers,Right,Right,6-1,185.42,200,90.7184,1972-08-09,ca
Shigetoshi Hasegawa,hasegsh01,2001,Anaheim Angels,Right,Right,5-11,180.34,160,72.57472,1968-08-01,jp
Matt Williams,willima04,2001,Arizona Diamondbacks,Right,Right,6-2,187.96,205,92.98635999999999,1965-11-28,us
Erubiel Durazo,durazer01,2001,Arizona Diamondbacks,Left,Left,6-3,190.5,240,108.86208,1974-01-23,mx
Armando Reynoso,reynoar02,2001,Arizona Diamondbacks,Right,Right,6-0,182.88,186,84.368112,1966-05-01,mx
Mike Morgan,morgami01,2001,Arizona Diamondbacks,Right,Right,6-3,190.5,195,88.45044,1959-10-08,us
B.J. Surhoff,surhob.01,2001,Atlanta Braves,Left,Right,6-1,185.42,185,83.91452,1964-08-04,us
Tom Glavine,glavito02,2001,Atlanta Braves,Left,Left,6-0,182.88,175,79.3786,1966-03-25,us
Kerry Ligtenberg,ligteke01,2001,Atlanta Braves,Right,Right,6-2,187.96,185,83.91452,1971-05-11,us
Geronimo Gil,gilge01,2001,Baltimore Orioles,Right,Right,6-3,190.5,240,108.86208,1975-08-07,mx
Tim Raines,raineti01,2001,Baltimore Orioles,Both,Right,5-8,172.72,160,72.57472,1959-09-16,us
Tim Raines,raineti01,2001,Montreal Expos,Both,Right,5-8,172.72,160,72.57472,1959-09-16,us
Morgan Burkhart,burkhmo01,2001,Boston Red Sox,Both,Left,5-11,180.34,225,102.0582,1972-01-29,us
Joe Oliver,olivejo01,2001,Boston Red Sox,Right,Right,6-3,190.5,215,97.52228000000001,1965-07-24,us
Joe Oliver,olivejo01,2001,New York Yankees,Right,Right,6-3,190.5,215,97.52228000000001,1965-07-24,us
Tomo Ohka,ohkato01,2001,Boston Red Sox,Both,Right,6-1,185.42,205,92.98635999999999,1976-03-18,jp
Tomo Ohka,ohkato01,2001,Montreal Expos,Both,Right,6-1,185.42,205,92.98635999999999,1976-03-18,jp
Harold Baines,baineha01,2001,Chicago White Sox,Left,Left,6-2,187.96,175,79.3786,1959-03-15,us
Ken Griffey Jr.,griffke02,2001,Cincinnati Reds,Left,Left,6-3,190.5,195,88.45044,1969-11-21,us
Barry Larkin,larkiba01,2001,Cincinnati Reds,Right,Right,6-0,182.88,185,83.91452,1964-04-28,us
Dave Burba,burbada01,2001,Cleveland Indians,Right,Right,6-4,193.04,220,99.79024,1966-07-07,us
Chuck Finley,finlech01,2001,Cleveland Indians,Left,Left,6-6,198.12,220,99.79024,1962-11-26,us
Ricardo Rincon,rincori01,2001,Cleveland Indians,Left,Left,5-10,177.8,190,86.18248,1970-04-13,mx
Mac Suzuki,suzukma01,2001,Colorado Rockies,Right,Right,6-3,190.5,195,88.45044,1975-05-31,jp
Mac Suzuki,suzukma01,2001,Kansas City Royals,Right,Right,6-3,190.5,195,88.45044,1975-05-31,jp
Mac Suzuki,suzukma01,2001,Milwaukee Brewers,Right,Right,6-3,190.5,195,88.45044,1975-05-31,jp
Kevin Millar,millake01,2001,Florida Marlins,Right,Right,6-1,185.42,195,88.45044,1971-09-24,us
Joe Strong,stronjo01,2001,Florida Marlins,Both,Right,6-0,182.88,200,90.7184,1962-09-09,us
Brad Ausmus,ausmubr01,2001,Houston Astros,Right,Right,5-11,180.34,190,86.18248,1969-04-14,us
Vinny Castilla,castivi02,2001,Houston Astros,Right,Right,6-1,185.42,175,79.3786,1967-07-04,mx
Vinny Castilla,castivi02,2001,Tampa Bay Devil Rays,Right,Right,6-1,185.42,175,79.3786,1967-07-04,mx
Charlie Hayes,hayesch01,2001,Houston Astros,Right,Right,6-0,182.88,190,86.18248,1965-05-29,us
Jeff Branson,bransje01,2001,Los Angeles Dodgers,Left,Right,6-0,182.88,180,81.64656,1967-01-26,us
Terry Mulholland,mulhote01,2001,Los Angeles Dodgers,Right,Left,6-3,190.5,200,90.7184,1963-03-09,us
Terry Mulholland,mulhote01,2001,Pittsburgh Pirates,Right,Left,6-3,190.5,200,90.7184,1963-03-09,us
Jesse Orosco,oroscje01,2001,Los Angeles Dodgers,Right,Left,6-2,187.96,174,78.92500799999999,1957-04-21,us
Lee Stevens,stevele01,2001,Montreal Expos,Left,Left,6-4,193.04,205,92.98635999999999,1967-07-10,us
Hideki Irabu,irabuhi01,2001,Montreal Expos,Right,Right,6-4,193.04,240,108.86208,1969-05-05,jp
Todd Zeile,zeileto01,2001,New York Mets,Right,Right,6-1,185.42,190,86.18248,1965-09-09,us
Timo Perez,perezti01,2001,New York Mets,Left,Left,5-9,175.26,180,81.64656,1975-04-08,do
Tsuyoshi Shinjo,shinjts01,2001,New York Mets,Right,Right,6-1,185.42,185,83.91452,1972-01-28,jp
Kevin Appier,appieke01,2001,New York Mets,Right,Right,6-2,187.96,180,81.64656,1967-12-06,us
Alfonso Soriano,soriaal01,2001,New York Yankees,Right,Right,6-1,185.42,195,88.45044,1976-01-07,do
David Justice,justida01,2001,New York Yankees,Left,Left,6-3,190.5,195,88.45044,1966-04-14,us
Brian Hunter,huntebr02,2001,Philadelphia Phillies,Right,Right,6-4,193.04,180,81.64656,1971-03-05,us
Andy Barkett,barkean01,2001,Pittsburgh Pirates,Left,Left,6-1,185.42,205,92.98635999999999,1973-04-17,us
Al Martin,martial03,2001,Seattle Mariners,Left,Left,6-2,187.96,220,99.79024,1967-11-24,us
Ichiro Suzuki,suzukic01,2001,Seattle Mariners,Left,Right,5-11,180.34,175,79.3786,1973-10-22,jp
Shawon Dunston,dunstsh01,2001,San Francisco Giants,Right,Right,6-1,185.42,175,79.3786,1963-03-21,us
Felix Martinez,martife01,2001,Tampa Bay Devil Rays,Both,Right,6-0,182.88,170,77.11064,1974-05-18,do
Bill Haselman,haselbi01,2001,Texas Rangers,Right,Right,6-3,190.5,205,92.98635999999999,1966-05-25,us
Jeff Zimmerman,zimmeje02,2001,Texas Rangers,Right,Right,6-1,185.42,200,90.7184,1972-08-09,ca
Kevin Appier,appieke01,2002,Anaheim Angels,Right,Right,6-2,187.96,180,81.64656,1967-12-06,us
Erubiel Durazo,durazer01,2002,Arizona Diamondbacks,Left,Left,6-3,190.5,240,108.86208,1974-01-23,mx
Matt Williams,willima04,2002,Arizona Diamondbacks,Right,Right,6-2,187.96,205,92.98635999999999,1965-11-28,us
Mike Morgan,morgami01,2002,Arizona Diamondbacks,Right,Right,6-3,190.5,195,88.45044,1959-10-08,us
Armando Reynoso,reynoar02,2002,Arizona Diamondbacks,Right,Right,6-0,182.88,186,84.368112,1966-05-01,mx
Vinny Castilla,castivi02,2002,Atlanta Braves,Right,Right,6-1,185.42,175,79.3786,1967-07-04,mx
B.J. Surhoff,surhob.01,2002,Atlanta Braves,Left,Right,6-1,185.42,185,83.91452,1964-08-04,us
Tom Glavine,glavito02,2002,Atlanta Braves,Left,Left,6-0,182.88,175,79.3786,1966-03-25,us
Kerry Ligtenberg,ligteke01,2002,Atlanta Braves,Right,Right,6-2,187.96,185,83.91452,1971-05-11,us
Joey Dawley,dawlejo01,2002,Atlanta Braves,Right,Right,6-4,193.04,205,92.98635999999999,1971-09-19,us
Geronimo Gil,gilge01,2002,Baltimore Orioles,Right,Right,6-3,190.5,240,108.86208,1975-08-07,mx
Rodrigo Lopez,lopezro02,2002,Baltimore Orioles,Right,Right,6-1,185.42,185,83.91452,1975-12-14,mx
Barry Larkin,larkiba01,2002,Cincinnati Reds,Right,Right,6-0,182.88,185,83.91452,1964-04-28,us
Ken Griffey Jr.,griffke02,2002,Cincinnati Reds,Left,Left,6-3,190.5,195,88.45044,1969-11-21,us
Lee Stevens,stevele01,2002,Cleveland Indians,Left,Left,6-4,193.04,205,92.98635999999999,1967-07-10,us
Lee Stevens,stevele01,2002,Montreal Expos,Left,Left,6-4,193.04,205,92.98635999999999,1967-07-10,us
Chuck Finley,finlech01,2002,Cleveland Indians,Left,Left,6-6,198.12,220,99.79024,1962-11-26,us
Chuck Finley,finlech01,2002,St. Louis Cardinals,Left,Left,6-6,198.12,220,99.79024,1962-11-26,us
Ricardo Rincon,rincori01,2002,Cleveland Indians,Left,Left,5-10,177.8,190,86.18248,1970-04-13,mx
Ricardo Rincon,rincori01,2002,Oakland Athletics,Left,Left,5-10,177.8,190,86.18248,1970-04-13,mx
Terry Mulholland,mulhote01,2002,Cleveland Indians,Right,Left,6-3,190.5,200,90.7184,1963-03-09,us
Terry Mulholland,mulhote01,2002,Los Angeles Dodgers,Right,Left,6-3,190.5,200,90.7184,1963-03-09,us
Dave Burba,burbada01,2002,Cleveland Indians,Right,Right,6-4,193.04,220,99.79024,1966-07-07,us
Dave Burba,burbada01,2002,Texas Rangers,Right,Right,6-4,193.04,220,99.79024,1966-07-07,us
Todd Zeile,zeileto01,2002,Colorado Rockies,Right,Right,6-1,185.42,190,86.18248,1965-09-09,us
Kevin Millar,millake01,2002,Florida Marlins,Right,Right,6-1,185.42,195,88.45044,1971-09-24,us
Tim Raines,raineti01,2002,Florida Marlins,Both,Right,5-8,172.72,160,72.57472,1959-09-16,us
Brad Ausmus,ausmubr01,2002,Houston Astros,Right,Right,5-11,180.34,190,86.18248,1969-04-14,us
Brian Hunter,huntebr02,2002,Houston Astros,Right,Right,6-4,193.04,180,81.64656,1971-03-05,us
Mac Suzuki,suzukma01,2002,Kansas City Royals,Right,Right,6-3,190.5,195,88.45044,1975-05-31,jp
Jesse Orosco,oroscje01,2002,Los Angeles Dodgers,Right,Left,6-2,187.96,174,78.92500799999999,1957-04-21,us
Tomo Ohka,ohkato01,2002,Montreal Expos,Both,Right,6-1,185.42,205,92.98635999999999,1976-03-18,jp
Timo Perez,perezti01,2002,New York Mets,Left,Left,5-9,175.26,180,81.64656,1975-04-08,do
Satoru Komiyama,komiysa01,2002,New York Mets,Right,Right,6-0,182.88,183,83.007336,1965-09-15,jp
Alfonso Soriano,soriaal01,2002,New York Yankees,Right,Right,6-1,185.42,195,88.45044,1976-01-07,do
David Justice,justida01,2002,Oakland Athletics,Left,Left,6-3,190.5,195,88.45044,1966-04-14,us
Ichiro Suzuki,suzukic01,2002,Seattle Mariners,Left,Right,5-11,180.34,175,79.3786,1973-10-22,jp
Shigetoshi Hasegawa,hasegsh01,2002,Seattle Mariners,Right,Right,5-11,180.34,160,72.57472,1968-08-01,jp
Tsuyoshi Shinjo,shinjts01,2002,San Francisco Giants,Right,Right,6-1,185.42,185,83.91452,1972-01-28,jp
Shawon Dunston,dunstsh01,2002,San Francisco Giants,Right,Right,6-1,185.42,175,79.3786,1963-03-21,us
Matt Duff,duffma01,2002,St. Louis Cardinals,Right,Right,6-1,185.42,192,87.089664,1974-10-06,us
Bill Haselman,haselbi01,2002,Texas Rangers,Right,Right,6-3,190.5,205,92.98635999999999,1966-05-25,us
Hideki Irabu,irabuhi01,2002,Texas Rangers,Right,Right,6-4,193.04,240,108.86208,1969-05-05,jp
Kevin Appier,appieke01,2003,Anaheim Angels,Right,Right,6-2,187.96,180,81.64656,1967-12-06,us
Kevin Appier,appieke01,2003,Kansas City Royals,Right,Right,6-2,187.96,180,81.64656,1967-12-06,us
Matt Williams,willima04,2003,Arizona Diamondbacks,Right,Right,6-2,187.96,205,92.98635999999999,1965-11-28,us
Vinny Castilla,castivi02,2003,Atlanta Braves,Right,Right,6-1,185.42,175,79.3786,1967-07-04,mx
Joey Dawley,dawlejo01,2003,Atlanta Braves,Right,Right,6-4,193.04,205,92.98635999999999,1971-09-19,us
B.J. Surhoff,surhob.01,2003,Baltimore Orioles,Left,Right,6-1,185.42,185,83.91452,1964-08-04,us
Geronimo Gil,gilge01,2003,Baltimore Orioles,Right,Right,6-3,190.5,240,108.86208,1975-08-07,mx
Rodrigo Lopez,lopezro02,2003,Baltimore Orioles,Right,Right,6-1,185.42,185,83.91452,1975-12-14,mx
Kerry Ligtenberg,ligteke01,2003,Baltimore Orioles,Right,Right,6-2,187.96,185,83.91452,1971-05-11,us
Kevin Millar,millake01,2003,Boston Red Sox,Right,Right,6-1,185.42,195,88.45044,1971-09-24,us
Bill Haselman,haselbi01,2003,Boston Red Sox,Right,Right,6-3,190.5,205,92.98635999999999,1966-05-25,us
Barry Larkin,larkiba01,2003,Cincinnati Reds,Right,Right,6-0,182.88,185,83.91452,1964-04-28,us
Ken Griffey Jr.,griffke02,2003,Cincinnati Reds,Left,Left,6-3,190.5,195,88.45044,1969-11-21,us
Juan Cerros,cerroju01,2003,Cincinnati Reds,Right,Right,6-1,185.42,200,90.7184,1976-09-25,mx
Terry Mulholland,mulhote01,2003,Cleveland Indians,Right,Left,6-3,190.5,200,90.7184,1963-03-09,us
Brad Ausmus,ausmubr01,2003,Houston Astros,Right,Right,5-11,180.34,190,86.18248,1969-04-14,us
Brian Hunter,huntebr02,2003,Houston Astros,Right,Right,6-4,193.04,180,81.64656,1971-03-05,us
Morgan Burkhart,burkhmo01,2003,Kansas City Royals,Both,Left,5-11,180.34,225,102.0582,1972-01-29,us
Masao Kida,kidama01,2003,Los Angeles Dodgers,Right,Right,6-3,190.5,210,95.25431999999999,1968-09-12,jp
Dave Burba,burbada01,2003,Milwaukee Brewers,Right,Right,6-4,193.04,220,99.79024,1966-07-07,us
Jesse Orosco,oroscje01,2003,Minnesota Twins,Right,Left,6-2,187.96,174,78.92500799999999,1957-04-21,us
Jesse Orosco,oroscje01,2003,New York Yankees,Right,Left,6-2,187.96,174,78.92500799999999,1957-04-21,us
Jesse Orosco,oroscje01,2003,San Diego Padres,Right,Left,6-2,187.96,174,78.92500799999999,1957-04-21,us
Todd Zeile,zeileto01,2003,Montreal Expos,Right,Right,6-1,185.42,190,86.18248,1965-09-09,us
Todd Zeile,zeileto01,2003,New York Yankees,Right,Right,6-1,185.42,190,86.18248,1965-09-09,us
Tomo Ohka,ohkato01,2003,Montreal Expos,Both,Right,6-1,185.42,205,92.98635999999999,1976-03-18,jp
Luis Ayala,ayalalu01,2003,Montreal Expos,Right,Right,6-2,187.96,205,92.98635999999999,1978-01-12,mx
Timo Perez,perezti01,2003,New York Mets,Left,Left,5-9,175.26,180,81.64656,1975-04-08,do
Tsuyoshi Shinjo,shinjts01,2003,New York Mets,Right,Right,6-1,185.42,185,83.91452,1972-01-28,jp
Tom Glavine,glavito02,2003,New York Mets,Left,Left,6-0,182.88,175,79.3786,1966-03-25,us
Alfonso Soriano,soriaal01,2003,New York Yankees,Right,Right,6-1,185.42,195,88.45044,1976-01-07,do
Erubiel Durazo,durazer01,2003,Oakland Athletics,Left,Left,6-3,190.5,240,108.86208,1974-01-23,mx
Ricardo Rincon,rincori01,2003,Oakland Athletics,Left,Left,5-10,177.8,190,86.18248,1970-04-13,mx
Miguel Ojeda,ojedami01,2003,San Diego Padres,Right,Right,6-1,185.42,230,104.32616,1975-01-29,mx
Ichiro Suzuki,suzukic01,2003,Seattle Mariners,Left,Right,5-11,180.34,175,79.3786,1973-10-22,jp
Brian Sweeney,sweenbr01,2003,Seattle Mariners,Right,Right,6-2,187.96,200,90.7184,1974-06-13,us
Shigetoshi Hasegawa,hasegsh01,2003,Seattle Mariners,Right,Right,5-11,180.34,160,72.57472,1968-08-01,jp
Al Martin,martial03,2003,Tampa Bay Devil Rays,Left,Left,6-2,187.96,220,99.79024,1967-11-24,us
B.J. Surhoff,surhob.01,2004,Baltimore Orioles,Left,Right,6-1,185.42,185,83.91452,1964-08-04,us
Geronimo Gil,gilge01,2004,Baltimore Orioles,Right,Right,6-3,190.5,240,108.86208,1975-08-07,mx
Rodrigo Lopez,lopezro02,2004,Baltimore Orioles,Right,Right,6-1,185.42,185,83.91452,1975-12-14,mx
Kevin Millar,millake01,2004,Boston Red Sox,Right,Right,6-1,185.42,195,88.45044,1971-09-24,us
Timo Perez,perezti01,2004,Chicago White Sox,Left,Left,5-9,175.26,180,81.64656,1975-04-08,do
Barry Larkin,larkiba01,2004,Cincinnati Reds,Right,Right,6-0,182.88,185,83.91452,1964-04-28,us
Ken Griffey Jr.,griffke02,2004,Cincinnati Reds,Left,Left,6-3,190.5,195,88.45044,1969-11-21,us
Joey Dawley,dawlejo01,2004,Cleveland Indians,Right,Right,6-4,193.04,205,92.98635999999999,1971-09-19,us
Vinny Castilla,castivi02,2004,Colorado Rockies,Right,Right,6-1,185.42,175,79.3786,1967-07-04,mx
Brad Ausmus,ausmubr01,2004,Houston Astros,Right,Right,5-11,180.34,190,86.18248,1969-04-14,us
Kevin Appier,appieke01,2004,Kansas City Royals,Right,Right,6-2,187.96,180,81.64656,1967-12-06,us
Masao Kida,kidama01,2004,Los Angeles Dodgers,Right,Right,6-3,190.5,210,95.25431999999999,1968-09-12,jp
Masao Kida,kidama01,2004,Seattle Mariners,Right,Right,6-3,190.5,210,95.25431999999999,1968-09-12,jp
Dave Burba,burbada01,2004,Milwaukee Brewers,Right,Right,6-4,193.04,220,99.79024,1966-07-07,us
Dave Burba,burbada01,2004,San Francisco Giants,Right,Right,6-4,193.04,220,99.79024,1966-07-07,us
Terry Mulholland,mulhote01,2004,Minnesota Twins,Right,Left,6-3,190.5,200,90.7184,1963-03-09,us
Tomo Ohka,ohkato01,2004,Montreal Expos,Both,Right,6-1,185.42,205,92.98635999999999,1976-03-18,jp
Luis Ayala,ayalalu01,2004,Montreal Expos,Right,Right,6-2,187.96,205,92.98635999999999,1978-01-12,mx
Todd Zeile,zeileto01,2004,New York Mets,Right,Right,6-1,185.42,190,86.18248,1965-09-09,us
Tom Glavine,glavito02,2004,New York Mets,Left,Left,6-0,182.88,175,79.3786,1966-03-25,us
Erubiel Durazo,durazer01,2004,Oakland Athletics,Left,Left,6-3,190.5,240,108.86208,1974-01-23,mx
Ricardo Rincon,rincori01,2004,Oakland Athletics,Left,Left,5-10,177.8,190,86.18248,1970-04-13,mx
Miguel Ojeda,ojedami01,2004,San Diego Padres,Right,Right,6-1,185.42,230,104.32616,1975-01-29,mx
Brian Sweeney,sweenbr01,2004,San Diego Padres,Right,Right,6-2,187.96,200,90.7184,1974-06-13,us
Ichiro Suzuki,suzukic01,2004,Seattle Mariners,Left,Right,5-11,180.34,175,79.3786,1973-10-22,jp
George Sherrill,sherrge01,2004,Seattle Mariners,Left,Left,6-0,182.88,225,102.0582,1977-04-19,us
Shigetoshi Hasegawa,hasegsh01,2004,Seattle Mariners,Right,Right,5-11,180.34,160,72.57472,1968-08-01,jp
Alfonso Soriano,soriaal01,2004,Texas Rangers,Right,Right,6-1,185.42,195,88.45044,1976-01-07,do
Kerry Ligtenberg,ligteke01,2004,Toronto Blue Jays,Right,Right,6-2,187.96,185,83.91452,1971-05-11,us
Kerry Ligtenberg,ligteke01,2005,Arizona Diamondbacks,Right,Right,6-2,187.96,185,83.91452,1971-05-11,us
B.J. Surhoff,surhob.01,2005,Baltimore Orioles,Left,Right,6-1,185.42,185,83.91452,1964-08-04,us
Geronimo Gil,gilge01,2005,Baltimore Orioles,Right,Right,6-3,190.5,240,108.86208,1975-08-07,mx
Rodrigo Lopez,lopezro02,2005,Baltimore Orioles,Right,Right,6-1,185.42,185,83.91452,1975-12-14,mx
Kevin Millar,millake01,2005,Boston Red Sox,Right,Right,6-1,185.42,195,88.45044,1971-09-24,us
Timo Perez,perezti01,2005,Chicago White Sox,Left,Left,5-9,175.26,180,81.64656,1975-04-08,do
Ken Griffey Jr.,griffke02,2005,Cincinnati Reds,Left,Left,6-3,190.5,195,88.45044,1969-11-21,us
Brad Ausmus,ausmubr01,2005,Houston Astros,Right,Right,5-11,180.34,190,86.18248,1969-04-14,us
Brian Myrow,myrowbr01,2005,Los Angeles Dodgers,Left,Right,5-11,180.34,215,97.52228000000001,1976-09-04,us
Tomo Ohka,ohkato01,2005,Milwaukee Brewers,Both,Right,6-1,185.42,205,92.98635999999999,1976-03-18,jp
Tomo Ohka,ohkato01,2005,Washington Nationals,Both,Right,6-1,185.42,205,92.98635999999999,1976-03-18,jp
Terry Mulholland,mulhote01,2005,Minnesota Twins,Right,Left,6-3,190.5,200,90.7184,1963-03-09,us
Tom Glavine,glavito02,2005,New York Mets,Left,Left,6-0,182.88,175,79.3786,1966-03-25,us
Erubiel Durazo,durazer01,2005,Oakland Athletics,Left,Left,6-3,190.5,240,108.86208,1974-01-23,mx
Ricardo Rincon,rincori01,2005,Oakland Athletics,Left,Left,5-10,177.8,190,86.18248,1970-04-13,mx
Miguel Ojeda,ojedami01,2005,San Diego Padres,Right,Right,6-1,185.42,230,104.32616,1975-01-29,mx
Miguel Ojeda,ojedami01,2005,Seattle Mariners,Right,Right,6-1,185.42,230,104.32616,1975-01-29,mx
Ichiro Suzuki,suzukic01,2005,Seattle Mariners,Left,Right,5-11,180.34,175,79.3786,1973-10-22,jp
George Sherrill,sherrge01,2005,Seattle Mariners,Left,Left,6-0,182.88,225,102.0582,1977-04-19,us
Shigetoshi Hasegawa,hasegsh01,2005,Seattle Mariners,Right,Right,5-11,180.34,160,72.57472,1968-08-01,jp
Masao Kida,kidama01,2005,Seattle Mariners,Right,Right,6-3,190.5,210,95.25431999999999,1968-09-12,jp
Alfonso Soriano,soriaal01,2005,Texas Rangers,Right,Right,6-1,185.42,195,88.45044,1976-01-07,do
Vinny Castilla,castivi02,2005,Washington Nationals,Right,Right,6-1,185.42,175,79.3786,1967-07-04,mx
Luis Ayala,ayalalu01,2005,Washington Nationals,Right,Right,6-2,187.96,205,92.98635999999999,1978-01-12,mx
Terry Mulholland,mulhote01,2006,Arizona Diamondbacks,Right,Left,6-3,190.5,200,90.7184,1963-03-09,us
Kevin Millar,millake01,2006,Baltimore Orioles,Right,Right,6-1,185.42,195,88.45044,1971-09-24,us
Rodrigo Lopez,lopezro02,2006,Baltimore Orioles,Right,Right,6-1,185.42,185,83.91452,1975-12-14,mx
Ken Griffey Jr.,griffke02,2006,Cincinnati Reds,Left,Left,6-3,190.5,195,88.45044,1969-11-21,us
Miguel Ojeda,ojedami01,2006,Colorado Rockies,Right,Right,6-1,185.42,230,104.32616,1975-01-29,mx
Miguel Ojeda,ojedami01,2006,Texas Rangers,Right,Right,6-1,185.42,230,104.32616,1975-01-29,mx
Vinny Castilla,castivi02,2006,Colorado Rockies,Right,Right,6-1,185.42,175,79.3786,1967-07-04,mx
Vinny Castilla,castivi02,2006,San Diego Padres,Right,Right,6-1,185.42,175,79.3786,1967-07-04,mx
Brad Ausmus,ausmubr01,2006,Houston Astros,Right,Right,5-11,180.34,190,86.18248,1969-04-14,us
Tomo Ohka,ohkato01,2006,Milwaukee Brewers,Both,Right,6-1,185.42,205,92.98635999999999,1976-03-18,jp
Tom Glavine,glavito02,2006,New York Mets,Left,Left,6-0,182.88,175,79.3786,1966-03-25,us
Brian Sweeney,sweenbr01,2006,San Diego Padres,Right,Right,6-2,187.96,200,90.7184,1974-06-13,us
Ichiro Suzuki,suzukic01,2006,Seattle Mariners,Left,Right,5-11,180.34,175,79.3786,1973-10-22,jp
George Sherrill,sherrge01,2006,Seattle Mariners,Left,Left,6-0,182.88,225,102.0582,1977-04-19,us
Timo Perez,perezti01,2006,St. Louis Cardinals,Left,Left,5-9,175.26,180,81.64656,1975-04-08,do
Josh Kinney,kinnejo01,2006,St. Louis Cardinals,Right,Right,6-0,182.88,220,99.79024,1979-03-31,us
Ricardo Rincon,rincori01,2006,St. Louis Cardinals,Left,Left,5-10,177.8,190,86.18248,1970-04-13,mx
Alfonso Soriano,soriaal01,2006,Washington Nationals,Right,Right,6-1,185.42,195,88.45044,1976-01-07,do
Kevin Millar,millake01,2007,Baltimore Orioles,Right,Right,6-1,185.42,195,88.45044,1971-09-24,us
Daisuke Matsuzaka,matsuda01,2007,Boston Red Sox,Right,Right,6-0,182.88,205,92.98635999999999,1980-09-13,jp
Alfonso Soriano,soriaal01,2007,Chicago Cubs,Right,Right,6-1,185.42,195,88.45044,1976-01-07,do
Ken Griffey Jr.,griffke02,2007,Cincinnati Reds,Left,Left,6-3,190.5,195,88.45044,1969-11-21,us
Geronimo Gil,gilge01,2007,Colorado Rockies,Right,Right,6-3,190.5,240,108.86208,1975-08-07,mx
Rodrigo Lopez,lopezro02,2007,Colorado Rockies,Right,Right,6-1,185.42,185,83.91452,1975-12-14,mx
Timo Perez,perezti01,2007,Detroit Tigers,Left,Left,5-9,175.26,180,81.64656,1975-04-08,do
Brad Ausmus,ausmubr01,2007,Houston Astros,Right,Right,5-11,180.34,190,86.18248,1969-04-14,us
Tom Glavine,glavito02,2007,New York Mets,Left,Left,6-0,182.88,175,79.3786,1966-03-25,us
Kei Igawa,igawake01,2007,New York Yankees,Left,Left,6-1,185.42,210,95.25431999999999,1979-07-13,jp
Brian Myrow,myrowbr01,2007,San Diego Padres,Left,Right,5-11,180.34,215,97.52228000000001,1976-09-04,us
Joe Thatcher,thatcjo01,2007,San Diego Padres,Left,Left,6-2,187.96,230,104.32616,1981-10-04,us
Ichiro Suzuki,suzukic01,2007,Seattle Mariners,Left,Right,5-11,180.34,175,79.3786,1973-10-22,jp
George Sherrill,sherrge01,2007,Seattle Mariners,Left,Left,6-0,182.88,225,102.0582,1977-04-19,us
Akinori Iwamura,iwamuak01,2007,Tampa Bay Devil Rays,Left,Right,5-9,175.26,200,90.7184,1979-02-09,jp
Tomo Ohka,ohkato01,2007,Toronto Blue Jays,Both,Right,6-1,185.42,205,92.98635999999999,1976-03-18,jp
Luis Ayala,ayalalu01,2007,Washington Nationals,Right,Right,6-2,187.96,205,92.98635999999999,1978-01-12,mx
Tom Glavine,glavito02,2008,Atlanta Braves,Left,Left,6-0,182.88,175,79.3786,1966-03-25,us
Kevin Millar,millake01,2008,Baltimore Orioles,Right,Right,6-1,185.42,195,88.45044,1971-09-24,us
George Sherrill,sherrge01,2008,Baltimore Orioles,Left,Left,6-0,182.88,225,102.0582,1977-04-19,us
Alberto Castillo,castial02,2008,Baltimore Orioles,Left,Left,6-2,187.96,255,115.66596000000001,1975-07-05,cu
Daisuke Matsuzaka,matsuda01,2008,Boston Red Sox,Right,Right,6-0,182.88,205,92.98635999999999,1980-09-13,jp
Alfonso Soriano,soriaal01,2008,Chicago Cubs,Right,Right,6-1,185.42,195,88.45044,1976-01-07,do
Ken Griffey Jr.,griffke02,2008,Chicago White Sox,Left,Left,6-3,190.5,195,88.45044,1969-11-21,us
Ken Griffey Jr.,griffke02,2008,Cincinnati Reds,Left,Left,6-3,190.5,195,88.45044,1969-11-21,us
Brad Ausmus,ausmubr01,2008,Houston Astros,Right,Right,5-11,180.34,190,86.18248,1969-04-14,us
Luis Ayala,ayalalu01,2008,New York Mets,Right,Right,6-2,187.96,205,92.98635999999999,1978-01-12,mx
Luis Ayala,ayalalu01,2008,Washington Nationals,Right,Right,6-2,187.96,205,92.98635999999999,1978-01-12,mx
Ricardo Rincon,rincori01,2008,New York Mets,Left,Left,5-10,177.8,190,86.18248,1970-04-13,mx
Justin Christian,chrisju01,2008,New York Yankees,Right,Right,6-1,185.42,195,88.45044,1980-04-03,us
Kei Igawa,igawake01,2008,New York Yankees,Left,Left,6-1,185.42,210,95.25431999999999,1979-07-13,jp
Mike Cervenak,cervemi01,2008,Philadelphia Phillies,Right,Right,5-11,180.34,195,88.45044,1976-08-17,us
Brian Myrow,myrowbr01,2008,San Diego Padres,Left,Right,5-11,180.34,215,97.52228000000001,1976-09-04,us
Joe Thatcher,thatcjo01,2008,San Diego Padres,Left,Left,6-2,187.96,230,104.32616,1981-10-04,us
Ichiro Suzuki,suzukic01,2008,Seattle Mariners,Left,Right,5-11,180.34,175,79.3786,1973-10-22,jp
Josh Kinney,kinnejo01,2008,St. Louis Cardinals,Right,Right,6-0,182.88,220,99.79024,1979-03-31,us
Akinori Iwamura,iwamuak01,2008,Tampa Bay Rays,Left,Right,5-9,175.26,200,90.7184,1979-02-09,jp
George Sherrill,sherrge01,2009,Baltimore Orioles,Left,Left,6-0,182.88,225,102.0582,1977-04-19,us
George Sherrill,sherrge01,2009,Los Angeles Dodgers,Left,Left,6-0,182.88,225,102.0582,1977-04-19,us
Alberto Castillo,castial02,2009,Baltimore Orioles,Left,Left,6-2,187.96,255,115.66596000000001,1975-07-05,cu
Daisuke Matsuzaka,matsuda01,2009,Boston Red Sox,Right,Right,6-0,182.88,205,92.98635999999999,1980-09-13,jp
Alfonso Soriano,soriaal01,2009,Chicago Cubs,Right,Right,6-1,185.42,195,88.45044,1976-01-07,do
Tomo Ohka,ohkato01,2009,Cleveland Indians,Both,Right,6-1,185.42,205,92.98635999999999,1976-03-18,jp
Luis Ayala,ayalalu01,2009,Florida Marlins,Right,Right,6-2,187.96,205,92.98635999999999,1978-01-12,mx
Luis Ayala,ayalalu01,2009,Minnesota Twins,Right,Right,6-2,187.96,205,92.98635999999999,1978-01-12,mx
Brad Ausmus,ausmubr01,2009,Los Angeles Dodgers,Right,Right,5-11,180.34,190,86.18248,1969-04-14,us
Rodrigo Lopez,lopezro02,2009,Philadelphia Phillies,Right,Right,6-1,185.42,185,83.91452,1975-12-14,mx
Joe Thatcher,thatcjo01,2009,San Diego Padres,Left,Left,6-2,187.96,230,104.32616,1981-10-04,us
Ichiro Suzuki,suzukic01,2009,Seattle Mariners,Left,Right,5-11,180.34,175,79.3786,1973-10-22,jp
Ken Griffey Jr.,griffke02,2009,Seattle Mariners,Left,Left,6-3,190.5,195,88.45044,1969-11-21,us
Josh Kinney,kinnejo01,2009,St. Louis Cardinals,Right,Right,6-0,182.88,220,99.79024,1979-03-31,us
Akinori Iwamura,iwamuak01,2009,Tampa Bay Rays,Left,Right,5-9,175.26,200,90.7184,1979-02-09,jp
Kevin Millar,millake01,2009,Toronto Blue Jays,Right,Right,6-1,185.42,195,88.45044,1971-09-24,us
Rodrigo Lopez,lopezro02,2010,Arizona Diamondbacks,Right,Right,6-1,185.42,185,83.91452,1975-12-14,mx
Alberto Castillo,castial02,2010,Baltimore Orioles,Left,Left,6-2,187.96,255,115.66596000000001,1975-07-05,cu
Daisuke Matsuzaka,matsuda01,2010,Boston Red Sox,Right,Right,6-0,182.88,205,92.98635999999999,1980-09-13,jp
Alfonso Soriano,soriaal01,2010,Chicago Cubs,Right,Right,6-1,185.42,195,88.45044,1976-01-07,do
Brad Ausmus,ausmubr01,2010,Los Angeles Dodgers,Right,Right,5-11,180.34,190,86.18248,1969-04-14,us
George Sherrill,sherrge01,2010,Los Angeles Dodgers,Left,Left,6-0,182.88,225,102.0582,1977-04-19,us
Akinori Iwamura,iwamuak01,2010,Oakland Athletics,Left,Right,5-9,175.26,200,90.7184,1979-02-09,jp
Akinori Iwamura,iwamuak01,2010,Pittsburgh Pirates,Left,Right,5-9,175.26,200,90.7184,1979-02-09,jp
Joe Thatcher,thatcjo01,2010,San Diego Padres,Left,Left,6-2,187.96,230,104.32616,1981-10-04,us
Ichiro Suzuki,suzukic01,2010,Seattle Mariners,Left,Right,5-11,180.34,175,79.3786,1973-10-22,jp
Ken Griffey Jr.,griffke02,2010,Seattle Mariners,Left,Left,6-3,190.5,195,88.45044,1969-11-21,us
Brian Sweeney,sweenbr01,2010,Seattle Mariners,Right,Right,6-2,187.96,200,90.7184,1974-06-13,us
Fernando Salas,salasfe01,2010,St. Louis Cardinals,Right,Right,6-2,187.96,200,90.7184,1985-05-30,mx
Alberto Castillo,castial02,2011,Arizona Diamondbacks,Left,Left,6-2,187.96,255,115.66596000000001,1975-07-05,cu
George Sherrill,sherrge01,2011,Atlanta Braves,Left,Left,6-0,182.88,225,102.0582,1977-04-19,us
Daisuke Matsuzaka,matsuda01,2011,Boston Red Sox,Right,Right,6-0,182.88,205,92.98635999999999,1980-09-13,jp
Alfonso Soriano,soriaal01,2011,Chicago Cubs,Right,Right,6-1,185.42,195,88.45044,1976-01-07,do
Rodrigo Lopez,lopezro02,2011,Chicago Cubs,Right,Right,6-1,185.42,185,83.91452,1975-12-14,mx
Josh Kinney,kinnejo01,2011,Chicago White Sox,Right,Right,6-0,182.88,220,99.79024,1979-03-31,us
Tsuyoshi Nishioka,nishits01,2011,Minnesota Twins,Both,Right,6-1,185.42,175,79.3786,1984-07-27,jp
Luis Ayala,ayalalu01,2011,New York Yankees,Right,Right,6-2,187.96,205,92.98635999999999,1978-01-12,mx
Joe Thatcher,thatcjo01,2011,San Diego Padres,Left,Left,6-2,187.96,230,104.32616,1981-10-04,us
Ichiro Suzuki,suzukic01,2011,Seattle Mariners,Left,Right,5-11,180.34,175,79.3786,1973-10-22,jp
Justin Christian,chrisju01,2011,San Francisco Giants,Right,Right,6-1,185.42,195,88.45044,1980-04-03,us
Fernando Salas,salasfe01,2011,St. Louis Cardinals,Right,Right,6-2,187.96,200,90.7184,1985-05-30,mx
Luis Ayala,ayalalu01,2012,Baltimore Orioles,Right,Right,6-2,187.96,205,92.98635999999999,1978-01-12,mx
Daisuke Matsuzaka,matsuda01,2012,Boston Red Sox,Right,Right,6-0,182.88,205,92.98635999999999,1980-09-13,jp
Alfonso Soriano,soriaal01,2012,Chicago Cubs,Right,Right,6-1,185.42,195,88.45044,1976-01-07,do
Rodrigo Lopez,lopezro02,2012,Chicago Cubs,Right,Right,6-1,185.42,185,83.91452,1975-12-14,mx
Nori Aoki,aokino01,2012,Milwaukee Brewers,Left,Right,5-9,175.26,180,81.64656,1982-01-05,jp
Tsuyoshi Nishioka,nishits01,2012,Minnesota Twins,Both,Right,6-1,185.42,175,79.3786,1984-07-27,jp
Ichiro Suzuki,suzukic01,2012,New York Yankees,Left,Right,5-11,180.34,175,79.3786,1973-10-22,jp
Ichiro Suzuki,suzukic01,2012,Seattle Mariners,Left,Right,5-11,180.34,175,79.3786,1973-10-22,jp
Joe Thatcher,thatcjo01,2012,San Diego Padres,Left,Left,6-2,187.96,230,104.32616,1981-10-04,us
George Sherrill,sherrge01,2012,Seattle Mariners,Left,Left,6-0,182.88,225,102.0582,1977-04-19,us
Josh Kinney,kinnejo01,2012,Seattle Mariners,Right,Right,6-0,182.88,220,99.79024,1979-03-31,us
Justin Christian,chrisju01,2012,San Francisco Giants,Right,Right,6-1,185.42,195,88.45044,1980-04-03,us
Fernando Salas,salasfe01,2012,St. Louis Cardinals,Right,Right,6-2,187.96,200,90.7184,1985-05-30,mx
Yu Darvish,darviyu01,2012,Texas Rangers,Right,Right,6-5,195.58,220,99.79024,1986-08-16,jp
Joe Thatcher,thatcjo01,2013,Arizona Diamondbacks,Left,Left,6-2,187.96,230,104.32616,1981-10-04,us
Joe Thatcher,thatcjo01,2013,San Diego Padres,Left,Left,6-2,187.96,230,104.32616,1981-10-04,us
Luis Ayala,ayalalu01,2013,Atlanta Braves,Right,Right,6-2,187.96,205,92.98635999999999,1978-01-12,mx
Luis Ayala,ayalalu01,2013,Baltimore Orioles,Right,Right,6-2,187.96,205,92.98635999999999,1978-01-12,mx
Alfonso Soriano,soriaal01,2013,Chicago Cubs,Right,Right,6-1,185.42,195,88.45044,1976-01-07,do
Alfonso Soriano,soriaal01,2013,New York Yankees,Right,Right,6-1,185.42,195,88.45044,1976-01-07,do
Josh Fields,fieldjo03,2013,Houston Astros,Right,Right,6-0,182.88,191,86.636072,1985-08-19,us
Hyun-Jin Ryu,ryuhy01,2013,Los Angeles Dodgers,Right,Left,6-3,190.5,255,115.66596000000001,1987-03-25,kr
Nori Aoki,aokino01,2013,Milwaukee Brewers,Left,Right,5-9,175.26,180,81.64656,1982-01-05,jp
Daisuke Matsuzaka,matsuda01,2013,New York Mets,Right,Right,6-0,182.88,205,92.98635999999999,1980-09-13,jp
Ichiro Suzuki,suzukic01,2013,New York Yankees,Left,Right,5-11,180.34,175,79.3786,1973-10-22,jp
Fernando Salas,salasfe01,2013,St. Louis Cardinals,Right,Right,6-2,187.96,200,90.7184,1985-05-30,mx
Yu Darvish,darviyu01,2013,Texas Rangers,Right,Right,6-5,195.58,220,99.79024,1986-08-16,jp
Joe Thatcher,thatcjo01,2014,Arizona Diamondbacks,Left,Left,6-2,187.96,230,104.32616,1981-10-04,us
Joe Thatcher,thatcjo01,2014,Los Angeles Angels of Anaheim,Left,Left,6-2,187.96,230,104.32616,1981-10-04,us
Josh Fields,fieldjo03,2014,Houston Astros,Right,Right,6-0,182.88,191,86.636072,1985-08-19,us
Nori Aoki,aokino01,2014,Kansas City Royals,Left,Right,5-9,175.26,180,81.64656,1982-01-05,jp
Fernando Salas,salasfe01,2014,Los Angeles Angels of Anaheim,Right,Right,6-2,187.96,200,90.7184,1985-05-30,mx
Hyun-Jin Ryu,ryuhy01,2014,Los Angeles Dodgers,Right,Left,6-3,190.5,255,115.66596000000001,1987-03-25,kr
Anthony DeSclafani,desclan01,2014,Miami Marlins,Right,Right,6-1,185.42,195,88.45044,1990-04-18,us
Daisuke Matsuzaka,matsuda01,2014,New York Mets,Right,Right,6-0,182.88,205,92.98635999999999,1980-09-13,jp
Ichiro Suzuki,suzukic01,2014,New York Yankees,Left,Right,5-11,180.34,175,79.3786,1973-10-22,jp
Alfonso Soriano,soriaal01,2014,New York Yankees,Right,Right,6-1,185.42,195,88.45044,1976-01-07,do
Yu Darvish,darviyu01,2014,Texas Rangers,Right,Right,6-5,195.58,220,99.79024,1986-08-16,jp
Anthony DeSclafani,desclan01,2015,Cincinnati Reds,Right,Right,6-1,185.42,195,88.45044,1990-04-18,us
Joe Thatcher,thatcjo01,2015,Houston Astros,Left,Left,6-2,187.96,230,104.32616,1981-10-04,us
Josh Fields,fieldjo03,2015,Houston Astros,Right,Right,6-0,182.88,191,86.636072,1985-08-19,us
Fernando Salas,salasfe01,2015,Los Angeles Angels of Anaheim,Right,Right,6-2,187.96,200,90.7184,1985-05-30,mx
Ichiro Suzuki,suzukic01,2015,Miami Marlins,Left,Right,5-11,180.34,175,79.3786,1973-10-22,jp
Nori Aoki,aokino01,2015,San Francisco Giants,Left,Right,5-9,175.26,180,81.64656,1982-01-05,jp
John Gant,gantjo01,2016,Atlanta Braves,Right,Right,6-3,190.5,200,90.7184,1992-08-06,us
Anthony DeSclafani,desclan01,2016,Cincinnati Reds,Right,Right,6-1,185.42,195,88.45044,1990-04-18,us
Josh Fields,fieldjo03,2016,Houston Astros,Right,Right,6-0,182.88,191,86.636072,1985-08-19,us
Josh Fields,fieldjo03,2016,Los Angeles Dodgers,Right,Right,6-0,182.88,191,86.636072,1985-08-19,us
Fernando Salas,salasfe01,2016,Los Angeles Angels,Right,Right,6-2,187.96,200,90.7184,1985-05-30,mx
Fernando Salas,salasfe01,2016,New York Mets,Right,Right,6-2,187.96,200,90.7184,1985-05-30,mx
Hyun-Jin Ryu,ryuhy01,2016,Los Angeles Dodgers,Right,Left,6-3,190.5,255,115.66596000000001,1987-03-25,kr
Ichiro Suzuki,suzukic01,2016,Miami Marlins,Left,Right,5-11,180.34,175,79.3786,1973-10-22,jp
Austin Brice,briceau01,2016,Miami Marlins,Right,Right,6-4,193.04,235,106.59411999999999,1992-06-19,hk
Jake Thompson,thompja03,2016,Philadelphia Phillies,Right,Right,6-4,193.04,225,102.0582,1994-01-31,us
Nori Aoki,aokino01,2016,Seattle Mariners,Left,Right,5-9,175.26,180,81.64656,1982-01-05,jp
Yu Darvish,darviyu01,2016,Texas Rangers,Right,Right,6-5,195.58,220,99.79024,1986-08-16,jp
Matt Dermody,dermoma01,2016,Toronto Blue Jays,Right,Left,6-5,195.58,190,86.18248,1990-07-04,us
Jackson Stephens,stephja01,2017,Cincinnati Reds,Right,Right,6-2,187.96,220,99.79024,1994-05-11,us
Austin Brice,briceau01,2017,Cincinnati Reds,Right,Right,6-4,193.04,235,106.59411999999999,1992-06-19,hk
Nori Aoki,aokino01,2017,Houston Astros,Left,Right,5-9,175.26,180,81.64656,1982-01-05,jp
Nori Aoki,aokino01,2017,New York Mets,Left,Right,5-9,175.26,180,81.64656,1982-01-05,jp
Nori Aoki,aokino01,2017,Toronto Blue Jays,Left,Right,5-9,175.26,180,81.64656,1982-01-05,jp
Fernando Salas,salasfe01,2017,Los Angeles Angels,Right,Right,6-2,187.96,200,90.7184,1985-05-30,mx
Fernando Salas,salasfe01,2017,New York Mets,Right,Right,6-2,187.96,200,90.7184,1985-05-30,mx
Hyun-Jin Ryu,ryuhy01,2017,Los Angeles Dodgers,Right,Left,6-3,190.5,255,115.66596000000001,1987-03-25,kr
Yu Darvish,darviyu01,2017,Los Angeles Dodgers,Right,Right,6-5,195.58,220,99.79024,1986-08-16,jp
Yu Darvish,darviyu01,2017,Texas Rangers,Right,Right,6-5,195.58,220,99.79024,1986-08-16,jp
Josh Fields,fieldjo03,2017,Los Angeles Dodgers,Right,Right,6-0,182.88,191,86.636072,1985-08-19,us
Ichiro Suzuki,suzukic01,2017,Miami Marlins,Left,Right,5-11,180.34,175,79.3786,1973-10-22,jp
Jake Thompson,thompja03,2017,Philadelphia Phillies,Right,Right,6-4,193.04,225,102.0582,1994-01-31,us
John Gant,gantjo01,2017,St. Louis Cardinals,Right,Right,6-3,190.5,200,90.7184,1992-08-06,us
Matt Dermody,dermoma01,2017,Toronto Blue Jays,Right,Left,6-5,195.58,190,86.18248,1990-07-04,us
Fernando Salas,salasfe01,2018,Arizona Diamondbacks,Right,Right,6-2,187.96,200,90.7184,1985-05-30,mx
Yu Darvish,darviyu01,2018,Chicago Cubs,Right,Right,6-5,195.58,220,99.79024,1986-08-16,jp
Anthony DeSclafani,desclan01,2018,Cincinnati Reds,Right,Right,6-1,185.42,195,88.45044,1990-04-18,us
Jackson Stephens,stephja01,2018,Cincinnati Reds,Right,Right,6-2,187.96,220,99.79024,1994-05-11,us
Austin Brice,briceau01,2018,Cincinnati Reds,Right,Right,6-4,193.04,235,106.59411999999999,1992-06-19,hk
Hyun-Jin Ryu,ryuhy01,2018,Los Angeles Dodgers,Right,Left,6-3,190.5,255,115.66596000000001,1987-03-25,kr
Josh Fields,fieldjo03,2018,Los Angeles Dodgers,Right,Right,6-0,182.88,191,86.636072,1985-08-19,us
Jake Thompson,thompja03,2018,Philadelphia Phillies,Right,Right,6-4,193.04,225,102.0582,1994-01-31,us
Ichiro Suzuki,suzukic01,2018,Seattle Mariners,Left,Right,5-11,180.34,175,79.3786,1973-10-22,jp
John Gant,gantjo01,2018,St. Louis Cardinals,Right,Right,6-3,190.5,200,90.7184,1992-08-06,us
Thomas Pannone,pannoth01,2018,Toronto Blue Jays,Left,Left,6-0,182.88,200,90.7184,1994-04-28,us
Yu Darvish,darviyu01,2019,Chicago Cubs,Right,Right,6-5,195.58,220,99.79024,1986-08-16,jp
Anthony DeSclafani,desclan01,2019,Cincinnati Reds,Right,Right,6-1,185.42,195,88.45044,1990-04-18,us
Hyun-Jin Ryu,ryuhy01,2019,Los Angeles Dodgers,Right,Left,6-3,190.5,255,115.66596000000001,1987-03-25,kr
Austin Brice,briceau01,2019,Miami Marlins,Right,Right,6-4,193.04,235,106.59411999999999,1992-06-19,hk
Fernando Salas,salasfe01,2019,Philadelphia Phillies,Right,Right,6-2,187.96,200,90.7184,1985-05-30,mx
Ichiro Suzuki,suzukic01,2019,Seattle Mariners,Left,Right,5-11,180.34,175,79.3786,1973-10-22,jp
John Gant,gantjo01,2019,St. Louis Cardinals,Right,Right,6-3,190.5,200,90.7184,1992-08-06,us
Thomas Pannone,pannoth01,2019,Toronto Blue Jays,Left,Left,6-0,182.88,200,90.7184,1994-04-28,us
